-- phpMyAdmin SQL Dump
-- version 4.7.4
-- https://www.phpmyadmin.net/
--
-- Host: 127.0.0.1
-- Generation Time: Dec 10, 2018 at 12:26 PM
-- Server version: 10.1.28-MariaDB
-- PHP Version: 7.1.10

SET SQL_MODE = "NO_AUTO_VALUE_ON_ZERO";
SET AUTOCOMMIT = 0;
START TRANSACTION;
SET time_zone = "+00:00";


/*!40101 SET @OLD_CHARACTER_SET_CLIENT=@@CHARACTER_SET_CLIENT */;
/*!40101 SET @OLD_CHARACTER_SET_RESULTS=@@CHARACTER_SET_RESULTS */;
/*!40101 SET @OLD_COLLATION_CONNECTION=@@COLLATION_CONNECTION */;
/*!40101 SET NAMES utf8mb4 */;

--
-- Database: `perpustakaan`
--

-- --------------------------------------------------------

--
-- Table structure for table `admin`
--

CREATE TABLE `admin` (
  `id_admin` int(5) NOT NULL,
  `nama_admin` varchar(25) NOT NULL,
  `username` varchar(25) NOT NULL,
  `password` varchar(35) NOT NULL
) ENGINE=MyISAM DEFAULT CHARSET=latin1;

--
-- Dumping data for table `admin`
--

INSERT INTO `admin` (`id_admin`, `nama_admin`, `username`, `password`) VALUES
(1, 'Jumar', 'admin', 'b752278e32cc55cd43e456be959efcb4');

-- --------------------------------------------------------

--
-- Table structure for table `anggota`
--

CREATE TABLE `anggota` (
  `id_anggota` int(5) NOT NULL,
  `nama_anggota` varchar(45) NOT NULL,
  `gender` enum('Laki-Laki','Perempuan') NOT NULL,
  `no_telp` varchar(15) NOT NULL,
  `alamat` varchar(50) NOT NULL,
  `email` varchar(30) NOT NULL,
  `password` varchar(35) NOT NULL
) ENGINE=MyISAM DEFAULT CHARSET=latin1;

--
-- Dumping data for table `anggota`
--

INSERT INTO `anggota` (`id_anggota`, `nama_anggota`, `gender`, `no_telp`, `alamat`, `email`, `password`) VALUES
(1, 'Irfan Maulana', 'Laki-Laki', '02144445566', 'BSD', 'irfan@gmail.com', '123'),
(2, 'Nur Kumalasari', 'Perempuan', '02133335555', 'Ciledug', 'nur@gmail.com', '123'),
(3, 'Sanjaya Wijaya', 'Laki-Laki', '02111115555', 'Cimone', 'sanjaya@gmail.com', '123'),
(4, 'Eva Irfianingsih', 'Perempuan', '02166665555', 'Tangerang', 'eva@gmail.com', '123'),
(5, 'Ifqoh Permatasari', 'Perempuan', '02177775555', 'Cengkareng', 'ifqoh@gmail.com', '123'),
(6, 'Indah Riana', 'Perempuan', '02188885555', 'Fatmawati', 'indah@gmail.com', '123'),
(7, 'Tiwie Andrawati', 'Perempuan', '02199995555', 'Warung Jati', 'tiwie@gmail.com', '123'),
(11, 'Imam Nawawi', 'Laki-Laki', '087829398630', 'jl H Isa no 1 Rengas Ciputat Timur', 'imam.imw@bsi.ac.id', '54321'),
(9, 'Hisbu Utomo', 'Laki-Laki', '02133336666', 'Salemba', 'hisbu@gmail.com', '123'),
(10, 'Zaenal Abidin', 'Laki-Laki', '02133337777', 'Bekasi', 'Zaenal@gmail.com', '123');

-- --------------------------------------------------------

--
-- Table structure for table `buku`
--

CREATE TABLE `buku` (
  `id_buku` int(5) NOT NULL,
  `id_kategori` int(5) NOT NULL,
  `judul_buku` varchar(50) NOT NULL,
  `pengarang` varchar(35) NOT NULL,
  `thn_terbit` date NOT NULL,
  `penerbit` varchar(50) NOT NULL,
  `isbn` varchar(25) NOT NULL,
  `jumlah_buku` int(3) NOT NULL,
  `lokasi` enum('Rak 1','Rak 2','Rak 3') NOT NULL,
  `gambar` varchar(255) NOT NULL,
  `tgl_input` date NOT NULL,
  `status_buku` enum('1','0') NOT NULL
) ENGINE=MyISAM DEFAULT CHARSET=latin1;

--
-- Dumping data for table `buku`
--

INSERT INTO `buku` (`id_buku`, `id_kategori`, `judul_buku`, `pengarang`, `thn_terbit`, `penerbit`, `isbn`, `jumlah_buku`, `lokasi`, `gambar`, `tgl_input`, `status_buku`) VALUES
(1, 2, 'PTIKita', 'Siswoyo Utomoooo', '2013-01-02', 'Wacana Riaa', '343544221', 10, 'Rak 2', '', '2018-07-24', '0'),
(2, 3, 'WEB Programing', 'Adri Kusuma', '2011-02-02', 'Pustaka Bangsaa', '65412300', 10, 'Rak 2', '', '2018-07-24', '1'),
(22, 3, 'Statitika', 'Hoiriah', '2018-01-22', 'Onge', '980119198', 1, 'Rak 2', 'gambartime14.jpg', '2018-12-08', '1'),
(4, 1, 'Hukum Fisika', 'Kurnia Sandi', '2013-04-04', 'Wacana Ria', '233214414', 7, 'Rak 1', '', '2018-07-24', '0'),
(5, 8, 'Mahir Bahasa Inggris', 'Aliuddin', '2013-05-05', 'CV.Indo Kreasi', '3553234454', 5, 'Rak 1', '', '2018-07-25', '1'),
(6, 4, 'Public Speaking', 'Pambudi Prasetyo', '2015-06-06', 'Aldi Pustaka', '843594759', 9, 'Rak 2', '', '2018-07-25', '1'),
(7, 3, 'Trik SQL', 'Ahdim Makaren', '2014-07-07', 'Wacana Ria', '54234762', 6, 'Rak 1', '', '2018-03-14', '1'),
(8, 6, 'Kemurnian Agama', 'Pambudi Prasetyo', '2014-08-08', 'Aldi Pustaka', '980958607', 5, 'Rak 3', '', '2018-07-24', '0'),
(9, 1, 'Mikrokontroler', 'Ahdim Makaren', '2012-09-09', 'Wacana Ria', '12121314', 11, 'Rak 2', '', '2018-04-11', '1'),
(10, 1, '24 Jam Belajar FrameWork', 'Rudi Hartono', '2017-03-02', 'Unjung Pena', '12345345', 10, 'Rak 2', '', '2018-05-08', '1'),
(11, 2, 'JavaScript uncovered', 'Andre Pratama', '2015-03-12', 'Duniailkom', '9087654', 8, 'Rak 1', '', '2018-07-24', '0'),
(12, 3, 'Pemrograman dan Hack Android untuk pemula dan adva', 'Edy Winarno ST, M.eng, Ali Zaki, Sm', '2016-09-23', 'Elex Media Komputindo', '4234252', 7, 'Rak 1', 'gambar1520961109.jpg', '2018-07-25', '0'),
(13, 4, 'Menyingkap Rahasia Web Master', 'Nanang Suryana', '2015-10-10', 'Informatika', '879-658-847-987', 3, 'Rak 2', '', '0000-00-00', '1'),
(14, 2, 'Membongkar Rahasia Web Master lagi', 'Andi Nugroho', '2016-05-06', 'Informatika', '765-98-980-789', 5, 'Rak 1', '', '2018-07-25', '1'),
(17, 2, 'Bola Basket', 'Amaludin', '2018-12-28', 'Tom', '12334455', 1, 'Rak 1', 'gambartime5.jpg', '2018-12-07', '1'),
(20, 1, 'Dolanan', 'Jumarre', '2018-12-15', 'indonesia', '1233445511', 10, 'Rak 2', '', '2018-12-08', '1'),
(21, 2, 'IPA', 'ama', '0000-00-00', 'indonesia', '65412300', 10, 'Rak 1', 'gambartime13.jpg', '2018-12-08', '1'),
(23, 4, 'Bola Basket', 'Amaludin', '2018-12-13', 'aa', '65412300', 1, 'Rak 2', 'gambartime15.jpg', '2018-12-10', '1');

-- --------------------------------------------------------

--
-- Table structure for table `detail_pinjam`
--

CREATE TABLE `detail_pinjam` (
  `id_pinjam` int(5) NOT NULL,
  `id_buku` int(5) NOT NULL,
  `tgl_pengembalian` date NOT NULL,
  `denda` double NOT NULL,
  `status_kembali` enum('0','1') NOT NULL
) ENGINE=MyISAM DEFAULT CHARSET=latin1;

--
-- Dumping data for table `detail_pinjam`
--

INSERT INTO `detail_pinjam` (`id_pinjam`, `id_buku`, `tgl_pengembalian`, `denda`, `status_kembali`) VALUES
(6, 3, '0000-00-00', 20000, '0');

-- --------------------------------------------------------

--
-- Table structure for table `kategori`
--

CREATE TABLE `kategori` (
  `id_kategori` int(5) NOT NULL,
  `nama_kategori` varchar(45) NOT NULL
) ENGINE=MyISAM DEFAULT CHARSET=latin1;

--
-- Dumping data for table `kategori`
--

INSERT INTO `kategori` (`id_kategori`, `nama_kategori`) VALUES
(1, 'Sains'),
(2, 'Hobby'),
(3, 'Komputer'),
(4, 'Komunikasi'),
(5, 'Hukum'),
(6, 'Agama'),
(7, 'Populer'),
(8, 'Bahasa'),
(9, 'komik');

-- --------------------------------------------------------

--
-- Table structure for table `peminjaman`
--

CREATE TABLE `peminjaman` (
  `id_pinjam` int(5) NOT NULL,
  `tanggal` datetime NOT NULL,
  `id_anggota` int(5) NOT NULL,
  `tgl_pinjam` date NOT NULL,
  `tgl_kembali` date NOT NULL,
  `totaldenda` double NOT NULL DEFAULT '0',
  `status_peminjaman` enum('0','1') DEFAULT '0'
) ENGINE=MyISAM DEFAULT CHARSET=latin1;

--
-- Dumping data for table `peminjaman`
--

INSERT INTO `peminjaman` (`id_pinjam`, `tanggal`, `id_anggota`, `tgl_pinjam`, `tgl_kembali`, `totaldenda`, `status_peminjaman`) VALUES
(6, '2018-07-25 07:53:20', 2, '2018-07-23', '2018-07-25', 0, '0');

-- --------------------------------------------------------

--
-- Table structure for table `transaksi`
--

CREATE TABLE `transaksi` (
  `id_pinjam` int(11) NOT NULL,
  `tgl_pencatatan` datetime NOT NULL,
  `id_anggota` int(4) NOT NULL,
  `id_buku` int(4) NOT NULL,
  `tgl_pinjam` date NOT NULL,
  `tgl_kembali` date NOT NULL,
  `denda` double NOT NULL,
  `tgl_pengembalian` date NOT NULL,
  `total_denda` double NOT NULL,
  `status_pengembalian` varchar(15) NOT NULL,
  `status_peminjaman` varchar(25) NOT NULL
) ENGINE=InnoDB DEFAULT CHARSET=latin1;

--
-- Dumping data for table `transaksi`
--

INSERT INTO `transaksi` (`id_pinjam`, `tgl_pencatatan`, `id_anggota`, `id_buku`, `tgl_pinjam`, `tgl_kembali`, `denda`, `tgl_pengembalian`, `total_denda`, `status_pengembalian`, `status_peminjaman`) VALUES
(1, '2018-07-25 08:19:44', 4, 6, '2018-07-16', '2018-07-18', 25000, '2018-07-20', 50000, '1', '1'),
(4, '2018-07-25 08:41:12', 4, 5, '2018-07-10', '2018-07-13', 100000, '2018-07-13', 0, '1', '1'),
(5, '2018-07-25 08:41:32', 5, 12, '2018-07-16', '2018-07-19', 100000, '0000-00-00', 0, '0', '0');

--
-- Indexes for dumped tables
--

--
-- Indexes for table `admin`
--
ALTER TABLE `admin`
  ADD PRIMARY KEY (`id_admin`);

--
-- Indexes for table `anggota`
--
ALTER TABLE `anggota`
  ADD PRIMARY KEY (`id_anggota`);

--
-- Indexes for table `buku`
--
ALTER TABLE `buku`
  ADD PRIMARY KEY (`id_buku`);

--
-- Indexes for table `detail_pinjam`
--
ALTER TABLE `detail_pinjam`
  ADD UNIQUE KEY `id_buku` (`id_buku`),
  ADD KEY `id_pinjam` (`id_pinjam`);

--
-- Indexes for table `kategori`
--
ALTER TABLE `kategori`
  ADD PRIMARY KEY (`id_kategori`);

--
-- Indexes for table `peminjaman`
--
ALTER TABLE `peminjaman`
  ADD PRIMARY KEY (`id_pinjam`);

--
-- Indexes for table `transaksi`
--
ALTER TABLE `transaksi`
  ADD PRIMARY KEY (`id_pinjam`);

--
-- AUTO_INCREMENT for dumped tables
--

--
-- AUTO_INCREMENT for table `admin`
--
ALTER TABLE `admin`
  MODIFY `id_admin` int(5) NOT NULL AUTO_INCREMENT, AUTO_INCREMENT=3;

--
-- AUTO_INCREMENT for table `anggota`
--
ALTER TABLE `anggota`
  MODIFY `id_anggota` int(5) NOT NULL AUTO_INCREMENT, AUTO_INCREMENT=12;

--
-- AUTO_INCREMENT for table `buku`
--
ALTER TABLE `buku`
  MODIFY `id_buku` int(5) NOT NULL AUTO_INCREMENT, AUTO_INCREMENT=24;

--
-- AUTO_INCREMENT for table `kategori`
--
ALTER TABLE `kategori`
  MODIFY `id_kategori` int(5) NOT NULL AUTO_INCREMENT, AUTO_INCREMENT=10;

--
-- AUTO_INCREMENT for table `peminjaman`
--
ALTER TABLE `peminjaman`
  MODIFY `id_pinjam` int(5) NOT NULL AUTO_INCREMENT, AUTO_INCREMENT=7;

--
-- AUTO_INCREMENT for table `transaksi`
--
ALTER TABLE `transaksi`
  MODIFY `id_pinjam` int(11) NOT NULL AUTO_INCREMENT, AUTO_INCREMENT=6;
COMMIT;

/*!40101 SET CHARACTER_SET_CLIENT=@OLD_CHARACTER_SET_CLIENT */;
/*!40101 SET CHARACTER_SET_RESULTS=@OLD_CHARACTER_SET_RESULTS */;
/*!40101 SET COLLATION_CONNECTION=@OLD_COLLATION_CONNECTION */;
